{
  "outage": 0.37333333333333335,
  "degradation": 0.6266666666666667
}