{
  "IBM": {
    "NL": 0.040124134039685275,
    "IN": 0.01961624330829058,
    "US_TX": 0.12862362378051542,
    "US_IL": 0.009139386086817202,
    "DE": 0.05349884538624704,
    "CN": 0.01961624330829058,
    "GB": 0.07400673611764173,
    "AU": 0.07846497323316232,
    "MX": 0.01961624330829058,
    "IT": 0.020507890731394696,
    "CA": 0.04101578146278939,
    "FR": 0.020507890731394696,
    "NO": 0.021399538154498816,
    "BR": 0.020507890731394696,
    "US_WA": 0.04101578146278939,
    "KR": 0.022291185577602932,
    "US_CA": 0.09451462684903643,
    "SG": 0.021403021152245315,
    "JP": 0.05795708250176762,
    "US_DC": 0.008916474231041173,
    "US_CO": 0.0017832948462082345,
    "US_NJ": 0.028539683534824754,
    "US_VA": 0.08025175107711706,
    "US_NY": 0.040124134039685275,
    "US_NC": 0.03655754434726881
  },
  "Salesforce": {
    "US_CA": 0.5001306814985195,
    "GB": 0.23494492353143592,
    "US_NJ": 0.04555273380513698,
    "SG": 0.0033494657209659547,
    "US_IN": 0.11908020531178161,
    "US_VT": 0.005144779347403706,
    "US_NY": 0.0006917431744823048,
    "CA": 0.0026795725767727635,
    "AU": 0.0026795725767727635,
    "DE": 0.08574632245672843
  },
  "Oracle": {
    "KR": 0.014615134784020786,
    "JP": 0.014615134784020786,
    "CA": 0.01981162715167262,
    "DE": 0.2299447872685937,
    "GB": 0.13121143228320883,
    "US_WA": 0.30139655732380644,
    "US_CA": 0.28840532640467686
  },
  "SAP": {
    "AU": 0.010948905109489052,
    "BR": 0.0036496350364963502,
    "CA": 0.0036496350364963502,
    "NL": 0.0036496350364963502,
    "DE": 0.9379562043795621,
    "JP": 0.0036496350364963502,
    "SA": 0.0036496350364963502,
    "RU": 0.0036496350364963502,
    "AE": 0.0036496350364963502,
    "US_VA": 0.003832116788321168,
    "US_DC": 0.003832116788321168,
    "US_NY": 0.010583941605839416,
    "US_AZ": 0.0072992700729927005
  },
  "Zoho": {
    "US_TX": 0.08376506516878443,
    "IN": 0.34378578829688605,
    "US_CA": 0.3629819490647325,
    "US_NJ": 0.027921688389594808,
    "NL": 0.08376506516878443,
    "IE": 0.055843376779189616,
    "GB": 0.027921688389594808,
    "CH": 0.014015378742433332
  },
  "GoDaddy": {
    "US_AZ": 0.9393171890046625,
    "NL": 0.04102499898276331,
    "SG": 0.011965624703305965,
    "US_CA": 0.003418749915230276,
    "BR": 0.000854687478807569,
    "US_MI": 0.003418749915230276
  },
  "Cloudflare": {
    "US_CA": 0.015793696275071635,
    "FR": 0.008297994269340974,
    "US_NJ": 0.3509971346704871,
    "US_VA": 0.5253868194842407,
    "HK": 0.0028882521489971354,
    "US_WA": 0.00630945558739255,
    "JP": 0.003707736389684814,
    "US_IL": 0.0019656160458452723,
    "NL": 0.0032091690544412605,
    "GB": 0.005684813753581662,
    "KR": 0.00045845272206303727,
    "CZ": 0.003759312320916906,
    "US_NY": 0.002292263610315186,
    "US_FL": 0.0021088825214899717,
    "US_GA": 0.0027507163323782237,
    "CA": 0.0033925501432664758,
    "AU": 0.0011919770773638969,
    "CR": 0.0028653295128939827,
    "IT": 0.00022922636103151864,
    "ES": 0.0005730659025787965,
    "ZA": 0.003507163323782235,
    "US_TX": 0.0009169054441260745,
    "LU": 0.0009169054441260745,
    "NZ": 0.0009169054441260745,
    "QA": 0.0003667621776504298,
    "PL": 0.006234957020057307,
    "MY": 0.0003667621776504298,
    "OM": 0.0007335243553008596,
    "KE": 0.0003667621776504298,
    "AT": 0.001833810888252149,
    "DE": 0.004767908309455587,
    "DK": 0.001833810888252149,
    "PH": 0.0003667621776504298,
    "US_AZ": 0.0007335243553008596,
    "SG": 0.005134670487106018,
    "SE": 0.0003667621776504298,
    "RE": 0.0003667621776504298,
    "VN": 0.0003667621776504298,
    "NO": 0.0007335243553008596,
    "CL": 0.0003667621776504298,
    "BE": 0.0007335243553008596,
    "FI": 0.0003667621776504298,
    "TW": 0.0007335243553008596,
    "US_NV": 0.0003667621776504298,
    "UA": 0.0003667621776504298,
    "TR": 0.0003667621776504298,
    "AO": 0.0014670487106017193,
    "GR": 0.0014670487106017193,
    "US_PA": 0.0029340974212034385,
    "US_NE": 0.0014670487106017193,
    "PT": 0.0014670487106017193,
    "IN": 0.0014670487106017193,
    "US_OR": 0.0014670487106017193,
    "US_MI": 0.0014670487106017193,
    "HU": 0.0014670487106017193,
    "US_UT": 0.0014670487106017193,
    "US_IN": 0.0014670487106017193,
    "LV": 0.0014670487106017193,
    "PK": 0.0029340974212034385
  },
  "DNSMadeEasy": {
    "MY": 1.0
  },
  "Cisco": {
    "US_WA": 1.0
  },
  "Akamai": {
    "HK": 0.1,
    "FR": 0.2,
    "CA": 0.1,
    "US_CA": 0.1,
    "US_MA": 0.1,
    "IL": 0.2,
    "GB": 0.1,
    "SE": 0.1
  },
  "Neustar": {
    "US_VA": 1.0
  },
  "Fastly": {
    "US_VA": 0.06473988439306357,
    "US_CA": 0.07398843930635836,
    "US_NJ": 0.12023121387283235,
    "US_GA": 0.030057803468208088,
    "US_DC": 0.005780346820809247,
    "JP": 0.043352601156069356,
    "HK": 0.0245664739884393,
    "FR": 0.010549132947976877,
    "AU": 0.003468208092485549,
    "AE": 0.0013005780346820807,
    "CA": 0.02312138728323699,
    "NO": 0.0011560693641618496,
    "DE": 0.0384393063583815,
    "NL": 0.024855491329479763,
    "US_TX": 0.34219653179190745,
    "GB": 0.024277456647398842,
    "SG": 0.027745664739884393,
    "NZ": 0.02312138728323699,
    "BR": 0.02312138728323699,
    "IT": 0.018497109826589593,
    "US_WA": 0.004624277456647398,
    "CL": 0.004624277456647398,
    "SE": 0.004624277456647398,
    "ES": 0.004624277456647398,
    "FI": 0.0014450867052023119,
    "US_NY": 0.018497109826589593,
    "US_IL": 0.036994219653179186
  },
  "Google": {
    "US_VA": 0.5008959875340864,
    "US_NJ": 0.22947798987144521,
    "US_TX": 0.011562134787689908,
    "US_TN": 0.01718348266458901,
    "US_OR": 0.0015582391897156207,
    "NL": 0.003490455784962991,
    "BE": 0.004370860927152316,
    "JP": 0.009474094273470974,
    "TW": 0.014211141410206463,
    "MG": 0.006980911569925982,
    "US_IL": 0.06033502142578884,
    "US_CA": 0.03167900272691857,
    "DE": 0.04936501753019087,
    "IN": 0.004487728866380988,
    "GB": 0.00431632255551227,
    "US_NY": 0.0077288663809894805,
    "SG": 0.0019945461628359945,
    "AU": 0.0019945461628359945,
    "FR": 0.005485001947798985,
    "CA": 0.0059836384885079835,
    "HK": 0.004986365407089987,
    "CH": 0.004737047136735487,
    "SE": 0.002243864433190494,
    "DK": 0.0019945461628359945,
    "US_MD": 0.0004986365407089986,
    "US_IA": 0.0004986365407089986,
    "IR": 0.012465913517724966
  },
  "Amazon": {
    "US_VA": 0.3439560482291776,
    "JP": 0.05916445683318853,
    "IE": 0.13099987911885227,
    "AU": 0.04033925836583475,
    "US_OR": 0.12756424775392938,
    "DE": 0.04481814972344717,
    "FR": 0.008012048557160124,
    "SG": 0.03849198031836004,
    "GB": 0.022228593259325396,
    "US_CA": 0.038374195609892435,
    "IN": 0.016734885943980468,
    "BR": 0.013574597638122554,
    "KR": 0.014417501209051511,
    "CN": 0.015086452103749629,
    "SE": 0.004849071869939182,
    "CA": 0.006479095098514295,
    "US_OH": 0.04446726794876214,
    "US_WA": 0.008929074642812531,
    "NL": 0.0007865435759255065,
    "US_IN": 0.0004117064030235073,
    "BH": 0.0032567819940665503,
    "PL": 0.00019663589398137663,
    "US_CO": 0.00039327178796275326,
    "ZA": 0.0032444922506927143,
    "US_IL": 0.009438522911106077,
    "TW": 0.001573087151851013,
    "US_NY": 3.6869230121508114e-05,
    "US_DC": 0.00019663589398137663,
    "US_FL": 1.228974337383604e-05,
    "IT": 0.00039327178796275326,
    "HK": 0.001573087151851013
  },
  "Microsoft": {
    "US_WA": 0.10453560821882349,
    "US_VA": 0.49649114533096533,
    "CA": 0.04329598542061069,
    "IN": 0.011420942754663571,
    "US_IA": 0.08870784290374943,
    "US_DC": 0.000330775494101278,
    "US_NJ": 0.02178983567392169,
    "US_IL": 0.03145008803810867,
    "US_TX": 0.06695303727347388,
    "US_CA": 0.11912626744332867,
    "US_WY": 0.01589847144825327
  }
}